Word,Similarity
computer,1.0
laptop,0.828128
microprocessor,0.82163393
supercomputer,0.80585444
electronic,0.79661274
microchip,0.7576698
circuitry,0.7539209
mainframe,0.7336775
desktop,0.7285177
keyboard,0.72819006
machine,0.717893
processor,0.71744645
digital,0.71704686
technology,0.71266675
monitor,0.70957065
typewriter,0.7045205
ipad,0.6994159
mousepad,0.69154215
programmer,0.673041
keypad,0.6620048
server,0.65798753
router,0.6579286
internet,0.65765536
calculator,0.64519274
hacker,0.6372353
browser,0.63497925
transistor,0.63293576
appliance,0.6303624
motor,0.62967235
android,0.6247308
scanner,0.6180345
xbox,0.6178504
usb,0.6124334
electric,0.61031127
connector,0.6063228
robot,0.6055436
simulation,0.60424685
parts,0.60093343
keystroke,0.5974949
copier,0.59658957
electricity,0.5952987
phone,0.59453213
desk,0.593871
handset,0.5932418
connect,0.59295624
controller,0.59285736
screener,0.59113336
microwave,0.59022015
synthesizer,0.588993
mechanic,0.5888142
technician,0.58801603
sequencer,0.586404
photocopier,0.58350825
multiprocessor,0.5830761
transmitter,0.5827577
database,0.58090127
coding,0.58008933
contraption,0.57861185
treadmill,0.57784975
tablet,0.57773817
charger,0.5733854
diskette,0.57202226
smartphone,0.57201415
vacuum,0.5705893
socket,0.5667393
microscope,0.56630135
thingamabob,0.5647832
thing,0.56476235
sparkplug,0.5644835
drill,0.5639055
engine,0.56193864
capacitor,0.5617503
object,0.558903
things,0.5583122
cipher,0.55659306
projector,0.5561625
typist,0.5550226
synchronizer,0.5545944
transceiver,0.5542297
auto,0.5529268
cleaner,0.5526669
gameboy,0.5523102
microphone,0.5506395
scan,0.55051494
alternator,0.55040824
scrubber,0.5494677
geek,0.549464
item,0.5492963
transmission,0.54811245
solving,0.54759175
headset,0.54751956
apparatus,0.5474616
hyperdrive,0.5453961
keys,0.54509234
excavator,0.54504246
atm,0.5446811
mixer,0.5419059
radio,0.5411631
codebook,0.5406568
brain,0.538605
circuit,0.5368506
compacter,0.53674453
beeper,0.5353137
fixer,0.535148
stuff,0.5347799
microprobe,0.53331786
camera,0.53317887
superconductor,0.53311384
encryption,0.53309363
plug,0.5328429
camcorder,0.5327385
animated,0.531276
aviation,0.531198
speakers,0.531052
amplifier,0.5308999
magnetometer,0.53060627
dialer,0.5296514
controls,0.5280701
neuron,0.52748996
clutter,0.5272195
doodad,0.52655005
cellphone,0.5260354
magnet,0.5241489
wires,0.524016
screwdriver,0.5235949
inkpad,0.52341545
rig,0.5229451
web,0.5227225
workroom,0.52177733
counter,0.5205021
micrometer,0.5195176
file,0.5185027
automobile,0.5182214
space,0.51765
semiautomatics,0.5172468
cafe,0.5168327
recorder,0.51669544
plasma,0.51668924
compressor,0.5153396
app,0.51529574
tool,0.5141227
cashbox,0.5139885
crutch,0.51386434
sterilizer,0.5136707
refrigerator,0.51344293
electrician,0.5133692
copy,0.51282036
evaporator,0.51275516
latchkey,0.51218617
radiator,0.51210636
furniture,0.5120405
template,0.51179206
stapler,0.51173043
nerd,0.5116346
blackboard,0.51154506
component,0.5110029
airplane,0.51071477
hydraulics,0.51011527
sharpener,0.50995874
reactor,0.50992674
junk,0.5099217
digger,0.5098719
rocket,0.50975347
tools,0.50895584
vehicle,0.5088798
wheelchair,0.5082941
banking,0.50800776
abacus,0.5076482
plane,0.5076405
ultraviolet,0.50743735
organ,0.5071496
oxidizer,0.5069693
typesetter,0.50668746
car,0.5066636
kitchenware,0.5065846
clips,0.50656295
antenna,0.50647557
clog,0.50641966
laser,0.5059801
drone,0.5056794
electroplate,0.505175
irrelevant,0.50513023
plunger,0.50512373
landline,0.5050168
jukebox,0.50476134
cubicle,0.50467384
clock,0.50459856
cleanser,0.5041855
plastics,0.5039779
rockets,0.5035154
battery,0.5033514
spaceship,0.5031961
wiper,0.5027224
kitchen,0.50253755
kiosk,0.501178
windows,0.50072396
blender,0.5007225
workbench,0.5003894
write,0.50036836
bicycle,0.49971294
television,0.49910203
sooner,0.49862766
thermostat,0.49862325
clip,0.4985878
dash,0.49857414
centrifuge,0.4982907
mathematician,0.4979056
webcast,0.49777296
lock,0.49739203
vaporizer,0.49728
refridgerator,0.49726272
diesel,0.49708468
toliet,0.4970126
toy,0.49665704
motorbike,0.49607342
vault,0.4956047
turbine,0.49529713
oscilloscope,0.49495113
elementary,0.49468496
scrambler,0.49438667
sweatbox,0.49430656
window,0.49407268
kitchenette,0.4938982
clunker,0.49341068
chest,0.49270326
unicycle,0.4921984
stylus,0.49218303
washer,0.49139047
number,0.49137938
cockpit,0.49115443
pvc,0.491018
cytoplasm,0.49041027
light,0.48995158
cabinet,0.48943886
turntable,0.48906845
latch,0.48882383
transportation,0.48818102
room,0.4879899
spacecraft,0.48795667
bug,0.48788288
spaceport,0.4876953
mind,0.48720202
fridge,0.48713666
intelligence,0.4862407
heat,0.48614982
teether,0.4858025
building,0.4852454
alien,0.485169
cutter,0.48470065
cube,0.48453242
freeway,0.48436952
kneepad,0.48435134
videotape,0.48431754
photocopy,0.48396933
board,0.48384908
shutter,0.4838368
vr,0.4835686
eraser,0.48350856
garage,0.48327908
facsimile,0.483131
pipette,0.4829977
telephoto,0.4827999
lighting,0.48279178
spreadsheet,0.48242724
neat,0.48167747
video,0.48150185
lights,0.4814917
locomotive,0.48135832
cooler,0.48113567
vibrator,0.48087156
elevator,0.48068136
photon,0.48038304
mender,0.4800686
washstand,0.47991294
renovation,0.47939348
bank,0.4791836
numbers,0.47905385
juicer,0.47873992
super,0.47860587
edit,0.4785685
coil,0.47830394
jet,0.477755
running,0.47765893
hardcopy,0.47754073
clean,0.47733468
arcade,0.47729373
search,0.47725546
whirlybird,0.47716674
antennae,0.477111
crawlspace,0.47677386
diagram,0.4767294
snooper,0.47640842
dishwasher,0.47635078
crane,0.4761755
motorcycle,0.4759703
mine,0.47563818
some,0.4753021
dryer,0.47495303
satellite,0.4748553
couch,0.47477198
store,0.47440836
steam,0.47435492
games,0.4742744
wire,0.47423235
plastic,0.47411057
make,0.4740062
welder,0.4736727
bolt,0.47352338
furnishings,0.4731447
snapshot,0.47311378
energy,0.47307283
audiotape,0.47236568
mailbox,0.47232518
turbines,0.47156513
box,0.47141832
blacktop,0.4712598
house,0.47113612
facility,0.47105157
run,0.47100332
belongings,0.4707751
snapper,0.47066075
ink,0.4702921
electrode,0.47010723
resuscitator,0.47000134
primer,0.46997505
armoire,0.46927047
carwash,0.46921605
tramway,0.46905687
searchlight,0.46898556
mines,0.46876073
chairlift,0.4687462
sensor,0.4680836
function,0.46757916
codex,0.4674592
locomotion,0.4673948
rem,0.46734834
razor,0.46730414
showed,0.46729982
brainstem,0.46719858
scooter,0.46699655
home,0.4669091
wrench,0.4668855
replica,0.4666404
body,0.46661687
glucometer,0.46653035
scissors,0.46637356
orbiter,0.46607855
human,0.4654043
obstruction,0.46505663
hummer,0.46487582
bleach,0.46481785
office,0.46434394
interference,0.4642403
expo,0.46421793
macaroni,0.46421027
shop,0.4637775
filament,0.46322438
bureau,0.46322203
sandblaster,0.46315897
racecar,0.46247578
electrochemist,0.4623847
texting,0.4622816
chrome,0.46175998
checker,0.4616605
pump,0.46146235
flight,0.46142018
type,0.4613654
sink,0.4613121
tweezer,0.46121866
mirror,0.4609103
piston,0.46066296
legs,0.4595467
fuel,0.45940748
warplane,0.45937273
atoms,0.4593697
cutlery,0.4592166
sawmill,0.45911425
binocular,0.45874357
bin,0.4586374
hairdryer,0.4578331
jackhammer,0.45780516
compass,0.45745513
propeller,0.45736498
groceries,0.45716822
money,0.4571501
lead,0.45708656
sort,0.45700458
dealership,0.4563753
mouse,0.45622784
icebox,0.4558595
anvil,0.45580584
blinker,0.45543244
timer,0.45531607
urn,0.45526037
shopping,0.45514977
chronograph,0.45513058
workshop,0.4550802
mapping,0.4550526
thumbtack,0.45493037
snowmobile,0.45462948
codeine,0.45434296
dwelling,0.45424098
monorail,0.4541776
photo,0.4540156
language,0.45397055
conditioner,0.4539159
keyboardist,0.45391
toilet,0.45390567
drain,0.4536575
node,0.45359075
data,0.45350018
ether,0.45341927
grinder,0.453361
anemometer,0.45320344
build,0.452798
thumbscrew,0.45265245
cashbook,0.45254815
infuser,0.45246375
insects,0.45237845
crypt,0.45231074
understanding,0.45225832
frame,0.45223472
detergent,0.45218587
container,0.45163572
ability,0.4514916
firearm,0.45147502
checkbook,0.4513227
freon,0.45087034
forms,0.45074436
solver,0.45074266
boiler,0.45056558
excavation,0.44992754
antiques,0.44991863
errand,0.4498385
ejector,0.44972986
webbing,0.44967738
cart,0.44949633
wigwam,0.44929022
windowpane,0.44897285
bedroom,0.4488625
channel,0.44852513
blacksmith,0.44763294
spacesuit,0.447559
come,0.44746274
telescope,0.4472025
notebook,0.44657898
needles,0.44656786
needle,0.44614774
beacon,0.44608626
infector,0.44594914
eyedropper,0.44585425
convertible,0.4457092
tap,0.44568428
engineer,0.44544634
manual,0.4451955
dollar,0.44497246
masher,0.44481897
clot,0.44479185
stamper,0.44468606
table,0.44424516
sacker,0.44412535
bulb,0.44392914
library,0.44367498
eggbeater,0.4435455
exhibit,0.4434293
pointer,0.4431248
train,0.4430972
ideas,0.44250077
streaming,0.4422264
hobbies,0.44212925
way,0.44208997
reel,0.4419388
insides,0.44178092
platform,0.4416948
photograph,0.4416784
instrument,0.44167793
sneakers,0.44161287
substation,0.4412905
insect,0.44125488
windscreen,0.4412016
nuclei,0.44118303
transcriber,0.4411521
gambling,0.4411434
storage,0.44110468
nuke,0.4406463
schoolwork,0.44061202
lamp,0.44053984
chainsaw,0.44033667
pad,0.44031686
shaver,0.44023255
chock,0.44010657
missile,0.43996787
area,0.43993652
creature,0.43975452
glitter,0.439591
stove,0.43954372
van,0.43951792
sonar,0.4394935
education,0.43947428
person,0.43943754
mutant,0.4393195
trunk,0.439228
communication,0.439169
print,0.4389457
racetrack,0.43888724
sewing,0.4386605
wonder,0.43852618
goods,0.43852293
carport,0.43852243
maps,0.43849203
radar,0.43838054
forger,0.43835372
jigsaw,0.43818995
contact,0.4380916
locker,0.43798763
chat,0.43786618
noggin,0.43768796
iron,0.4375984
racer,0.4375144
wand,0.43745542
chairs,0.43738735
entryway,0.43721673
soundtrack,0.43706006
account,0.4370142
maker,0.43693346
tape,0.4367875
ticket,0.436701
metal,0.43647918
illustration,0.43620133
neuroscientist,0.43592656
launcher,0.43589467
thumbhole,0.43588707
crystalloid,0.43586412
pawnshop,0.43562457
cash,0.4355997
mop,0.4348134
inks,0.43460453
slate,0.4345946
solutions,0.43450534
corkboard,0.43445432
polyethylene,0.43427593
cabin,0.43405247
sound,0.43400338
lectern,0.43376988
piano,0.43371886
levers,0.43351206
spinner,0.4333037
sunlamp,0.43329403
bookcase,0.43323588
jog,0.43321052
prop,0.4332083
carpetbag,0.43293583
nugget,0.43280935
breadboard,0.43270707
track,0.43259823
drive,0.43256876
cerebrum,0.43250805
swimsuit,0.43242723
firearms,0.43231338
tableware,0.43200925
chipmunk,0.43183494
lettering,0.43180513
pens,0.4315239
toilette,0.43101978
toyota,0.4308178
cavern,0.43073365
register,0.4306718
trampoline,0.430633
acetylene,0.43038788
spotlight,0.43036976
motorist,0.43035364
foldout,0.4302817
spinout,0.43011767
gyroscope,0.43005764
idea,0.42984885
idler,0.42979887
slicer,0.42971128
litter,0.4295516
peeper,0.42954123
rug,0.4294908
me,0.4294591
million,0.42941898
waterwheel,0.4293818
chickens,0.42929113
game,0.4291976
streamliner,0.4290032
scripts,0.4289868
crack,0.42877293
vibration,0.4286032
tupperware,0.42841357
peeler,0.42834732
galaxy,0.42809534
casing,0.4279454
factory,0.42781824
evolution,0.42777032
nerve,0.42774963
scratcher,0.42750156
nightlight,0.42748463
clinic,0.42739797
one,0.42730448
commodity,0.42726487
prosthesis,0.4270995
closet,0.4270689
aquarium,0.42693985
logjam,0.42681688
molten,0.42680094
toaster,0.42665005
starch,0.42654735
probe,0.42648527
tractor,0.42648
woodwork,0.42645133
linoleum,0.4264074
electrocardiogram,0.42640102
aesthetics,0.42632517
throttle,0.42631826
rolex,0.4261994
pushbutton,0.4261757
earplugs,0.42599684
chart,0.42588824
racehorse,0.42582136
flashlight,0.4258204
document,0.42580396
womb,0.42571878
service,0.42567778
bulldozer,0.4252962
seat,0.4249828
scope,0.42460108
supplies,0.42438328
squeaker,0.42390248
lighter,0.42361653
behave,0.42338175
glasses,0.42314637
shack,0.4231187
detonator,0.42301837
pegboard,0.42295253
kid,0.42285874
entrepreneur,0.42282042
calipers,0.4227546
institute,0.42265362
catacomb,0.4225347
carpet,0.42247587
scalpel,0.42235243
wavelength,0.42224514
chessboard,0.4221435
axes,0.42192885
logos,0.42185563
secretary,0.42170322
sales,0.42169508
mansion,0.42167357
telemarketer,0.4216152
nonhuman,0.4215389
hospital,0.42146122
tub,0.42120987
schoolbag,0.42109472
ax,0.4210267
chair,0.420981
brooder,0.42095122
grater,0.42089272
doornail,0.42068502
rubble,0.420646
album,0.42058846
tops,0.4205736
palette,0.42024174
biosphere,0.42009062
newspaper,0.41961604
dispenser,0.4196139
gymnasium,0.41954583
egg,0.41939268
skateboarding,0.41933078
through,0.4193295
neurobiologist,0.41921848
compost,0.4191989
icebreaker,0.41917533
minivan,0.41916484
nails,0.41902977
ammo,0.41902262
blanket,0.4189954
substance,0.41894978
megaphone,0.41889754
builder,0.4188035
detector,0.4187914
stationery,0.4187569
mitten,0.4184469
dungeon,0.41836452
gnat,0.4182874
diffuser,0.4181534
wallet,0.41814876
aftermarket,0.41802794
farm,0.41801643
cup,0.41783872
sprinter,0.41771472
nothing,0.41753682
beetle,0.41753644
imagination,0.4174366
saw,0.41734236
thick,0.41733176
ace,0.41732937
english,0.41719395
mall,0.41695362
paperwork,0.41692343
speedster,0.41670758
heartbeat,0.4166923
program,0.41664475
correct,0.41653082
blip,0.4165166
cooker,0.41649517
book,0.4162879
cosmonaut,0.41623446
valve,0.41622508
manuscript,0.41614306
floorboard,0.41595197
submitter,0.41594434
bedrock,0.4158326
woodblock,0.41568488
checklist,0.41563663
antifreeze,0.41553497
alarm,0.41547894
bus,0.4153875
quiche,0.4153731
school,0.4153419
flame,0.41527778
arm,0.4152311
epidermis,0.41514695
skates,0.41513258
speedway,0.41507822
exerciser,0.41504818
examiner,0.4150216
playmat,0.41500092
scoreboard,0.4147084
toiletry,0.4145129
shackle,0.41444355
satinwood,0.41442633
whittler,0.4143454
taillight,0.41433084
leg,0.41412926
cats,0.41402534
paper,0.41399944
cave,0.41382337
floor,0.41382217
nest,0.41376376
submarine,0.41373536
bookshop,0.41342825
cubby,0.41341925
lantern,0.4133806
scrapbook,0.4133742
cycle,0.41324133
uranium,0.41298267
boat,0.41297334
arms,0.41280085
sifter,0.4126343
fireplace,0.41246262
coffee,0.41241083
scribbler,0.41235185
greenroom,0.41228145
driveway,0.41217786
sitting,0.4120677
clef,0.41198784
movie,0.41191572
simpsons,0.41190886
uterus,0.41183418
icepick,0.41178283
handsaw,0.41160178
phonebook,0.41147482
outer,0.41140884
oven,0.4113918
bird,0.4111936
celing,0.4106763
letter,0.410644
nutcracker,0.41052252
copywriter,0.4104429
hair,0.41032428
visor,0.4101624
purse,0.41009998
crib,0.41002685
crate,0.40993726
fumbler,0.40983182
bob,0.40979004
chains,0.40974033
craft,0.40951517
helicoptor,0.40934652
check,0.4092214
exchange,0.40919298
mouthpiece,0.4090218
soap,0.40888706
movers,0.40880013
slammer,0.4086935
eggs,0.40868378
teem,0.40866536
hole,0.4086371
volkswagen,0.40851426
storehouse,0.40847194
teapot,0.40843362
trinket,0.40843022
suitcase,0.40836352
ringer,0.40830445
lampshade,0.40827227
bobble,0.4080974
cinema,0.40809298
nutcrackers,0.40808254
cat,0.40801173
thickener,0.40800527
logbook,0.4080031
wetsuit,0.40798387
griddle,0.40795276
snowboard,0.40789786
clasp,0.40787584
bungee,0.407784
earth,0.40774912
cocoon,0.40762088
advil,0.40758297
clearinghouse,0.40758276
railroad,0.40754303
arsenal,0.4075376
backdrop,0.40741783
carbohydrates,0.40736437
encasement,0.407364
wingtip,0.40730703
recliner,0.40715382
utensils,0.40688378
attendees,0.40671796
hangar,0.4065969
thermos,0.4064983
sandpaper,0.40647894
ashcan,0.40646833
wood,0.40644723
latrine,0.40638325
tiller,0.4063226
kite,0.40625566
catapult,0.40615416
stem,0.4057631
airboat,0.4057431
saws,0.4057321
rocks,0.4057
banknote,0.4056264
nightstand,0.40550923
ad,0.40547428
apartment,0.40545985
rink,0.40544224
child,0.40540698
license,0.40535265
gripper,0.40531445
potato,0.40529016
mortar,0.40522772
wheel,0.40514833
detailer,0.40514058
notes,0.40511653
infield,0.40510324
dreamcatcher,0.4050288
suite,0.40493858
university,0.40490994
dumpster,0.40487695
moneybag,0.4048665
wings,0.40478808
spreader,0.40474096
applecart,0.40470636
cell,0.40465873
thumb,0.40464798
bowl,0.40462577
option,0.40456563
explorers,0.4045274
toothbrush,0.40449208
nitrite,0.40447333
coffer,0.404334
decal,0.40426975
inlay,0.40426952
wing,0.4042324
gun,0.40412048
heart,0.40403914
codpiece,0.40397888
bloodstream,0.40391862
buffet,0.4039013
cardboard,0.40382582
bedbug,0.4038195
physique,0.4037497
knitting,0.4036303
gallery,0.4035508
pet,0.40351847
embryo,0.40349698
present,0.40346557
hot,0.4033314
bubblewrap,0.4028949
burglar,0.4028899
collection,0.40287536
nitrogen,0.40284348
smelter,0.40281713
nuts,0.40279275
cappuccino,0.40277404
luggage,0.40257567
horse,0.4025389
asphalt,0.40247604
bag,0.4022963
bog,0.40227327
sweepings,0.40226233
pavement,0.40221897
bioluminescence,0.40218168
backlog,0.40209913
cardiogram,0.40209734
birdhouse,0.40209305
plant,0.40203395
wizard,0.40196368
splinter,0.40186045
memo,0.4017756
planetarium,0.40176454
well,0.4017443
hotel,0.40157902
rock,0.40149653
eardrum,0.40146053
scientist,0.4013698
artery,0.40136355
greenhouse,0.40131506
docket,0.4013069
housefly,0.40121245
steamboat,0.40118724
racket,0.40102258
condition,0.4010201
hornet,0.40099907
ratchet,0.40092838
package,0.40082586
editor,0.40076855
harvester,0.40074837
sedan,0.4006887
mainsheet,0.4006654
ring,0.4006186
sunglasses,0.40056756
percussion,0.40050495
stupid,0.40049082
accept,0.40047514
chevron,0.40035814
plate,0.4003333
hamster,0.40024522
handcart,0.40019238
marketplace,0.4001658
bubbles,0.39999616
steamroller,0.39999443
magnesium,0.399957
workhorse,0.39991277
mower,0.3998858
top,0.3998735
dj,0.39974132
chicken,0.39962652
stair,0.39959028
seed,0.3995859
ladder,0.3995074
polyester,0.3994775
adhesion,0.39926425
sign,0.3991404
fryer,0.39909634
truck,0.39895576
gnome,0.3989228
optometrist,0.39891642
germ,0.39880833
workhouse,0.3987226
greenback,0.3985905
blower,0.39858872
constellation,0.39855224
pinhole,0.39838094
theft,0.39833856
ceramics,0.39826572
apple,0.39820224
tray,0.39811218
beach,0.39806616
airlift,0.39795953
fingernail,0.39794636
emu,0.39791048
driving,0.3978967
subway,0.39788812
ladybug,0.39786762
sunroom,0.39782935
watch,0.3977266
sheets,0.39771354
bottleneck,0.3976376
privates,0.39757174
assets,0.3975703
muffler,0.3975352
icicle,0.3975272
stimulant,0.39750046
limestone,0.3973869
warlock,0.3973079
backpack,0.39729032
pliers,0.39725125
log,0.3970363
invoice,0.3970352
icing,0.39699447
poultry,0.39693868
harness,0.39689386
beaker,0.3967939
flick,0.3967886
sawdust,0.39676693
paddle,0.39653593
toothpick,0.3965273
ashes,0.3965141
playhouse,0.39640594
phrasebook,0.39633745
oxygen,0.3963201
creator,0.39627725
trash,0.39617682
mantel,0.3961736
blade,0.39597046
honda,0.39595053
flies,0.39594555
investments,0.3958805
acupuncture,0.39584935
nutshell,0.39581388
snail,0.39576805
drawer,0.39570552
craps,0.39568552
talking,0.3956834
pawnbroker,0.3955785
mite,0.39541453
bikini,0.39531496
lanyard,0.39524975
italics,0.39521903
faucet,0.39518726
calender,0.395175
competitor,0.395083
parking,0.39489114
tennis,0.39488775
stairway,0.39483288
weapon,0.39482415
snack,0.39472955
ammunition,0.3947203
nicotine,0.39461178
ground,0.39459175
lunchbox,0.3945912
greens,0.3945117
carving,0.39445257
baguette,0.39443076
disease,0.39441115
earwig,0.3943963
door,0.3943948
bats,0.39437267
monogram,0.39430168
earring,0.3942751
clerks,0.39427477
nutrition,0.3942666
foundation,0.3942546
bridge,0.39418712
water,0.3941294
locket,0.39407384
doorframe,0.3940332
goggles,0.39395946
searcher,0.39374757
beginner,0.39370131
stimulus,0.3936493
crab,0.39337388
kids,0.39328945
ear,0.39317647
drainpipe,0.39316526
granite,0.393162
ski,0.3930414
newsstand,0.392941
amoeba,0.39290762
safe,0.3928209
gold,0.39273775
bullets,0.39268854
pilot,0.39267677
supermarket,0.39261907
hairspray,0.3924969
cosmologist,0.39245886
mousetrap,0.39244497
anchor,0.39221942
timecard,0.39219713
genome,0.3921188
spore,0.3919583
quiz,0.39176872
cleaver,0.39173746
photosynthesis,0.39166236
spammer,0.39156002
anesthesia,0.39138365
flirter,0.39114374
daybook,0.3909235
outflow,0.39083016
pick,0.3907922
bed,0.39076367
buttons,0.39076132
learner,0.3907457
glass,0.39072293
insomniac,0.3906995
wig,0.3905971
crevice,0.39055926
lessons,0.39043587
marker,0.39043355
soda,0.390364
diaphragm,0.39035583
noisemaker,0.39032838
calcium,0.39029458
quarry,0.39025682
dating,0.39023927
knife,0.38992193
blogger,0.38987577
streetlamp,0.38975883
houseboat,0.38954586
gimlet,0.38951024
den,0.38949436
gurney,0.3894614
think,0.38938648
finger,0.3893833
horseshit,0.38932604
coal,0.3892134
oxcart,0.38917005
nameplate,0.3891502
stocks,0.388735
engraving,0.3886246
meaning,0.3886214
d,0.388539
hand,0.3884959
solitaire,0.38842022
seedling,0.38834164
ecosystem,0.38833377
wreck,0.38828793
bones,0.38819963
groove,0.38812846
ore,0.38812226
flusher,0.38806587
newsprint,0.388034
tot,0.3877929
cookie,0.3877003
brush,0.3876836
spittoon,0.387597
crafter,0.3875927
shower,0.38758108
bowls,0.3874281
trunks,0.38731262
icepack,0.38726336
railcar,0.3872125
scaffolding,0.38699624
matting,0.38693014
hatchback,0.38664436
wax,0.3865776
backbone,0.38648343
coin,0.38643658
bat,0.3864262
sunroof,0.38640198
ashtray,0.38636497
wishbone,0.38633502
them,0.38632435
polish,0.38627344
wormwood,0.3861858
eggshell,0.38614485
fireworks,0.38582218
expansion,0.38577855
merchant,0.38573974
podium,0.38568756
kink,0.3856291
sanitarium,0.385629
surgeon,0.38558173
ford,0.3855648
silverback,0.38552302
bible,0.3854192
football,0.38540807
zipper,0.38537312
article,0.38530958
imbecile,0.38502142
sickness,0.3849366
embroidery,0.3847983
screenplay,0.38477418
handiwork,0.384714
binder,0.3846994
dolls,0.3846568
plants,0.38464463
rings,0.3845791
kitten,0.38457006
gate,0.3845694
lobe,0.38452077
residence,0.38444662
polygraph,0.38444445
depot,0.38435793
mulch,0.3842371
stone,0.3841731
rigger,0.38412046
tick,0.38411993
apron,0.38387877
breadbox,0.3838399
under,0.38379413
suits,0.3837936
groin,0.38368845
manicurist,0.38367587
hospice,0.3835663
gap,0.38354123
handbook,0.38353014
scribe,0.3832859
sports,0.38321602
undergarment,0.3831468
sofa,0.38308847
backward,0.38291967
tinderbox,0.38283813
tracksuit,0.3827647
compasses,0.38271675
classical,0.3826992
drum,0.38268355
massive,0.38268346
windbreaker,0.382616
juice,0.38250232
horses,0.3824752
oak,0.38235077
gin,0.38230777
hose,0.38225228
tag,0.38224494
timepiece,0.38217646
firefly,0.38211894
enamel,0.38207948
houseplant,0.38206512
handbag,0.38192686
barrier,0.38171864
signature,0.38166633
bathtub,0.38158485
pool,0.38154593
poem,0.3815405
daycare,0.38152626
knob,0.3814957
reword,0.3813597
hitch,0.3813117
lobby,0.38131124
eyes,0.38119012
corkscrew,0.3811565
drummer,0.38111472
sediment,0.3808993
auditorium,0.38088775
hearth,0.38088447
attack,0.38086134
spyglass,0.38084513
homestead,0.38076097
booth,0.38075686
skittle,0.3807348
case,0.38065043
supernova,0.3806334
lithograph,0.38058698
pickaxe,0.3805462
vellum,0.38036597
posion,0.38031304
fly,0.38022405
dividers,0.38015002
mammogram,0.38011605
blind,0.38008144
bathhouse,0.38006335
courier,0.38005197
sweater,0.37997597
chimney,0.3799274
stoplight,0.37992555
bundler,0.37987822
beanbags,0.3797998
syllabus,0.379723
sweetener,0.37957993
maggot,0.37955615
silkworm,0.37955472
fatigue,0.3795273
marathon,0.37952068
research,0.3795051
caption,0.37943664
sun,0.37935805
artwork,0.3793071
launderer,0.37928802
partition,0.37928054
teaching,0.37927517
monopoly,0.37912676
metropolis,0.37905833
souvenir,0.37905723
decorations,0.37905473
gunsmith,0.37892544
projectile,0.3787995
jeep,0.3787635
bumper,0.37872893
horn,0.37864044
tank,0.37860024
osmosis,0.37857825
putty,0.37852126
paste,0.378515
pocket,0.3784709
walmart,0.3784225
center,0.378331
haircut,0.37811035
tacks,0.37810746
shoe,0.3779768
coalminer,0.37775037
gasses,0.3777331
ukulele,0.37765914
lawnmower,0.37758094
claw,0.37747365
woodpecker,0.37744403
storybook,0.37738895
collector,0.37732834
flypaper,0.37731978
framework,0.377312
matches,0.3772512
takeaway,0.3771578
student,0.37714887
outhouse,0.37713915
lender,0.37708881
column,0.37706026
motel,0.37705612
tutor,0.37705573
graphologist,0.3769456
arch,0.3769425
basketball,0.3768973
carbonation,0.37684447
manhole,0.3768137
shit,0.37671405
clothing,0.37664613
tearoom,0.37659693
slipcover,0.37658638
saddle,0.37649208
scavenger,0.3764766
chariot,0.37637523
sport,0.37634283
underwear,0.37624156
ballot,0.3761133
citation,0.3760383
dislocation,0.37601978
writer,0.37601113
quadriceps,0.3759579
hoe,0.3759299
carrier,0.37583974
cookbook,0.37583706
thoroughbred,0.37580603
arachnids,0.37573707
firehouse,0.37571102
pulley,0.37559462
dirt,0.3755449
freshness,0.37540787
pipe,0.37520736
earthling,0.37508932
sickle,0.37501538
straightedge,0.3749374
script,0.37487775
abyss,0.37485546
departure,0.37478787
charcoal,0.37471998
wad,0.37466967
underlay,0.3746388
clapper,0.37462848
baseball,0.37448332
noise,0.3744494
cod,0.37443054
duster,0.37437117
fumigator,0.3743598
kind,0.37435085
switchblade,0.3742514
cruiser,0.37418103
infection,0.37406826
woodchuck,0.37403628
ceiling,0.37394786
divider,0.3739064
bifocals,0.37385216
comet,0.37379456
packet,0.37378925
sex,0.3737459
beverage,0.3736961
honeycomb,0.37365863
businessman,0.37365663
stadium,0.37359214
temperature,0.37355557
bumblebee,0.37354243
mantle,0.3735366
landscape,0.37343073
vertebrae,0.37341776
paintbrush,0.3734135
turtle,0.37326998
stealing,0.3732531
stool,0.37316585
bunny,0.37311983
doctor,0.3730752
barbwire,0.3728732
shrine,0.3728181
dam,0.37279648
minefield,0.37274918
torchlight,0.37262273
hello,0.37255508
airfield,0.3725196
interviewer,0.3725024
bumps,0.37249133
state,0.372467
garbage,0.3724447
hour,0.37239525
courtroom,0.37236017
lesson,0.37227932
suppository,0.37227428
shoes,0.37224817
skyrocket,0.37215906
firework,0.37211382
origami,0.37209457
geode,0.3720456
wetland,0.3719722
crayon,0.37196082
debtor,0.37196064
highlighter,0.37193447
fan,0.37186944
marketing,0.3718665
attention,0.3718102
fetus,0.37176836
snails,0.37174892
cellar,0.37168014
deformation,0.37166762
bundle,0.37166336
roulette,0.37163955
mammal,0.37141132
stars,0.37124506
quake,0.37124282
flares,0.3712352
sunbird,0.37120068
supplier,0.37117362
morgue,0.3710541
robin,0.3709149
cage,0.37089813
globe,0.37082976
apples,0.37082076
congestion,0.37079623
ballpoint,0.370768
gobbler,0.37073123
flyswatter,0.37067425
biologist,0.37065312
cereal,0.3705786
beam,0.37053806
whetstone,0.37052196
wallpaper,0.37052113
circle,0.37050647
monkey,0.37044996
land,0.37043086
blowgun,0.3703956
bitters,0.3703775
sheet,0.37033296
sky,0.3703249
hamper,0.3699775
auditor,0.36996824
aide,0.3699582
swimming,0.3699496
sketchbook,0.36977807
scalp,0.3697243
jumpsuit,0.36966807
napkin,0.36963964
meteor,0.3695872
mucous,0.3695283
clover,0.36944562
artichoke,0.36931583
crotch,0.3692428
observatory,0.36922675
pole,0.36918017
date,0.36917824
swim,0.3691514
treasure,0.36896363
lining,0.36876574
bunkhouse,0.36872226
nebula,0.36868006
bedding,0.36858606
drug,0.36831582
passage,0.36824462
burrow,0.3681914
carp,0.36816958
plank,0.36816788
single,0.36809394
emerald,0.36802602
glasshouse,0.36799675
basket,0.3679521
knot,0.3679095
drywall,0.36784828
diploma,0.36781973
bisque,0.36769962
folder,0.3676847
dog,0.36762586
envelope,0.36760396
essay,0.36758682
time,0.3673982
grille,0.36722046
airbase,0.3672188
amount,0.3672161
squirrel,0.36708385
bedchamber,0.36697483
erotica,0.36697102
stamps,0.36697084
hanger,0.3669697
jumping,0.366857
rag,0.36681908
orange,0.36679026
darts,0.36672685
chemist,0.366718
archway,0.36660576
crustacean,0.3665979
thigh,0.36658278
earthworm,0.36648598
speech,0.36646014
sticks,0.36645013
sewer,0.36643994
placard,0.36643758
mercury,0.3664194
windsock,0.3663887
gymnast,0.3663867
goldfish,0.36636138
steamer,0.3663354
runway,0.36626875
liferaft,0.3662465
photographer,0.36624026
periodical,0.36621326
thought,0.36617565
tomb,0.36592394
cigarette,0.3659004
organist,0.36583632
harpsichord,0.36583623
cartoon,0.3657898
cane,0.36578512
particulate,0.3657753
acetaminophen,0.36574903
doorstep,0.3656502
sleuth,0.36562815
cut,0.3656193
duffel,0.36551213
mark,0.36550206
bookshelf,0.3654364
newsletter,0.3654287
church,0.365399
skull,0.36529404
sandcastle,0.3652891
mast,0.36507744
antiseptics,0.36507052
moviemaker,0.36497173
shamrock,0.36490703
barber,0.36489832
showpiece,0.36487585
diver,0.3647665
workingman,0.36472124
fingertip,0.36464763
stirrer,0.36463094
quicksand,0.3645221
denture,0.3644672
birch,0.36445087
condo,0.36430886
rectangle,0.364297
teabag,0.3642465
crossway,0.36418182
apothecary,0.36415285
orphan,0.36407202
knickers,0.36396506
pantry,0.3639497
doll,0.36388916
vegetable,0.3638731
hairstyle,0.36380744
depositor,0.36364985
treatment,0.36353382
court,0.3635238
shoelace,0.36351296
news,0.36350048
minibus,0.3634866
drainage,0.36333683
obsidian,0.36331046
quartz,0.36330065
fruit,0.36318523
bee,0.3630956
washcloth,0.36294943
raven,0.36294878
moneybags,0.36285985
cashier,0.3627503
footprint,0.36262813
handcuffs,0.36258036
vaccine,0.36257234
importance,0.36249763
termite,0.36246568
morphine,0.36242008
microbiologist,0.36224407
pickax,0.36201665
gift,0.36201042
cocaine,0.36197877
siren,0.36193448
pan,0.36187613
beachwear,0.3617702
tinsmith,0.36172932
artillery,0.36144993
vitamins,0.3613677
opiate,0.3612787
star,0.36121684
label,0.36118114
bucket,0.3611007
cottage,0.36105788
jackknife,0.3610562
trapezoid,0.36084536
baggage,0.36080676
triceratops,0.3607771
silver,0.3607661
smorgasbord,0.3607479
guidebook,0.3607302
larvae,0.36072624
liter,0.360716
carbondioxide,0.3606908
cauldron,0.36059582
carotene,0.360531
guestroom,0.360396
obesity,0.3603802
permission,0.3603649
trees,0.36034834
castle,0.36033306
barista,0.3603002
barbershop,0.36027318
animal,0.36010027
affect,0.36002582
class,0.35998034
revolver,0.35997707
picker,0.35992762
leaf,0.35986102
homebrew,0.35981178
eye,0.35969275
trajectory,0.359691
owner,0.35947835
margarine,0.35947418
lamppost,0.35943478
flamethrower,0.35932383
age,0.35922953
pistachios,0.3592157
hoard,0.35908797
prong,0.35905802
doorknob,0.35901684
petroleum,0.3589696
glucose,0.358919
lime,0.35888115
deli,0.3587607
dreaming,0.3586106
pee,0.3585806
thirst,0.35843086
politician,0.35837317
mapmaker,0.35836998
election,0.35833356
path,0.35825694
junkman,0.35825565
hubcap,0.35824138
pigeonhole,0.35823506
smartness,0.35812575
listen,0.35812342
mattress,0.35804904
barbell,0.35804594
overcoat,0.35799146
large,0.3579275
walkway,0.35774612
eyelash,0.3577322
ligature,0.35771948
eggplant,0.35768157
girl,0.35768044
helmet,0.35766646
elm,0.35765427
scenery,0.35759535
anchorage,0.35750216
dorm,0.357475
tidewater,0.3574094
instep,0.35732132
trapdoor,0.35730267
carryall,0.357249
socks,0.35715854
dark,0.35714126
babysitter,0.35713178
trachea,0.35696536
chop,0.35696387
legislation,0.35693544
cancer,0.3568686
dream,0.3567351
anklet,0.35672256
alcove,0.35671967
patch,0.35667348
mouthwash,0.3566733
feedbag,0.35664338
hall,0.35655698
alumni,0.35641563
mascot,0.35638183
antibiotic,0.35637534
fertilizer,0.35636672
ozone,0.35635158
pub,0.3563316
medicine,0.356317
slop,0.35631675
boarder,0.35623235
canoe,0.35621715
plotter,0.35617766
fumes,0.35609084
icecap,0.35590568
weekend,0.3558883
elderly,0.35586914
runt,0.35585564
narcotics,0.3558051
casebook,0.35570663
grow,0.3556789
rainbow,0.3553059
fissure,0.3551909
bottle,0.35517973
employment,0.35513684
intersection,0.3550706
edibles,0.3550396
itinerary,0.35501593
antacid,0.35498834
resevoir,0.3549557
glowworm,0.354874
gangway,0.35485953
poop,0.35483986
darkness,0.35477266
salad,0.35473248
beads,0.3546769
pathogen,0.35452488
walnut,0.35448343
holder,0.3544516
copper,0.35442194
taxis,0.35437334
magazine,0.35435098
shelf,0.35421968
bar,0.35421136
vermin,0.3542081
eggnog,0.35418344
pine,0.3541285
concert,0.35412008
walls,0.35411662
seamstress,0.35408038
sock,0.35405958
streak,0.35404116
hoodie,0.35401145
globetrotter,0.35383624
little,0.35379374
roller,0.35374665
memoir,0.35368127
hairdresser,0.35360962
roadrunner,0.35359892
bra,0.35342616
stick,0.3533711
educator,0.35336953
seesaw,0.3533661
points,0.3533569
thighbone,0.35332328
serum,0.3533119
sax,0.353243
greenery,0.35323888
roadwork,0.35322726
dishtowel,0.35319608
reptile,0.3531461
extremity,0.35313538
hairpin,0.3530378
mass,0.35302758
baits,0.3529762
roost,0.35296544
brick,0.35291922
cloud,0.35289302
boot,0.3528515
trailer,0.352818
cartographer,0.35276598
amphetamine,0.35272634
hardcover,0.3527165
natives,0.35271397
doorstop,0.3527059
thieves,0.35266614
melanin,0.35264194
stoneware,0.35263252
highchair,0.3525912
planter,0.35257035
canteen,0.35249457
black,0.35243672
armpit,0.35240993
crabber,0.3524008
pottery,0.3523972
restaurant,0.35237777
sap,0.3522785
armor,0.35221136
tradesman,0.35218865
suit,0.3520432
nitroglycerine,0.3520357
beanstalk,0.35194206
landmine,0.35178164
rap,0.35176298
roach,0.35172802
narcotic,0.3515997
cornea,0.3515581
silo,0.35155296
eyeliner,0.35154873
administrator,0.35134387
gravedigger,0.35133815
rare,0.35129023
expert,0.35125774
acorn,0.35119426
thief,0.35115573
bakeshop,0.3511461
streamers,0.35112327
tonic,0.3510797
salesman,0.351074
toke,0.3510692
seminary,0.35104305
hospitalization,0.35102588
importer,0.35096812
chestnut,0.35078937
anchorman,0.3507679
appendix,0.3506466
almond,0.3505737
nap,0.3505335
lingerie,0.35053205
lodgings,0.3505236
veterinarian,0.35049933
turnstile,0.35041016
catwalk,0.3503468
women,0.35034016
income,0.35033286
shovel,0.35030445
auctioneer,0.3501854
driver,0.3499105
pioneer,0.34982452
float,0.34980792
schoolgirl,0.3497786
nice,0.34968132
waiver,0.3496039
breezeway,0.34959376
boulder,0.34943527
songbook,0.3494298
telegrapher,0.34930086
requester,0.34925193
skillet,0.3492475
variation,0.3490861
medallion,0.34906566
clay,0.34906405
keratin,0.34893304
vaseline,0.34891254
hip,0.34880006
bark,0.3487769
accountant,0.34876385
broiler,0.34868824
gravestone,0.34868276
moderator,0.34867954
mouth,0.34857756
teacher,0.34856015
casket,0.34848076
garment,0.3484751
cap,0.34845948
pebble,0.3482994
sailfish,0.3482849
axis,0.34827608
flytrap,0.3482041
gland,0.34819168
pinball,0.3481526
ammonium,0.34814033
petitioner,0.34812936
gunk,0.3480273
liqueur,0.34800547
dart,0.3478425
rot,0.34779745
cream,0.34771547
caterer,0.34771436
gridiron,0.3476983
orchard,0.34764206
enema,0.34760568
sty,0.34756795
thinker,0.34755832
banner,0.34752622
inmate,0.34752464
dishwater,0.34751973
show,0.34751663
sleeper,0.3474996
enjoy,0.3474957
manicotti,0.34746286
bungler,0.34746212
physiologist,0.34743837
craftsman,0.3474335
year,0.34724838
goop,0.34722668
butter,0.3472116
sculpture,0.3471804
blackbird,0.34712613
machetes,0.34711504
selection,0.34710395
face,0.3470626
ghostbuster,0.34702545
warfare,0.34700707
tin,0.34691593
moment,0.3468722
canon,0.34686852
borax,0.34676433
mountain,0.34665102
skin,0.34661254
crush,0.34656954
mealworm,0.34653032
relationship,0.34652847
fish,0.34648436
rational,0.34647518
marmot,0.34646875
mount,0.34630787
tax,0.34620434
leaves,0.34617746
attire,0.34607762
carcinogen,0.34603018
algae,0.34601927
dancer,0.3460002
dock,0.3459975
vanload,0.3459534
breast,0.34592625
crawler,0.34589767
rim,0.34586906
bookkeeper,0.34585726
breakfast,0.34584117
beta,0.34582782
instructor,0.34570312
soil,0.3454405
popgun,0.3454375
potassium,0.345421
chaos,0.34540325
cereals,0.3453822
gasoline,0.34535116
bench,0.34528118
grenade,0.3452729
introducer,0.34521383
feathers,0.3451184
female,0.34496766
topaz,0.34495226
broccoli,0.34482056
retired,0.34481844
cupcake,0.34474927
tombstone,0.34473252
mahjong,0.34468064
showstopper,0.3446601
seahorse,0.34465003
guts,0.34464473
cinder,0.34464198
fizz,0.34459698
pleat,0.3445421
silverfish,0.3445175
roof,0.3444746
esophagi,0.3444495
towels,0.34439462
breathe,0.34439102
anthill,0.344357
shuffler,0.3442826
developer,0.3442734
skydiving,0.34420383
thoroughfare,0.34419602
bidder,0.34419376
dice,0.34416562
leggings,0.34412122
insurance,0.34411234
garden,0.34405905
walking,0.34400165
towel,0.34399968
bathrobe,0.34395748
dust,0.343912
stash,0.3438611
gloves,0.3438478
storekeeper,0.34382045
stop,0.34381747
subcontractor,0.3437671
toe,0.34370953
hydroxide,0.34364992
sitter,0.34357482
cheapskate,0.34352386
dishcloth,0.34330124
groomer,0.34328032
candidate,0.3432737
fork,0.34327203
coat,0.34326595
froth,0.3432501
vegetation,0.34323615
slave,0.34323454
majestic,0.3431484
tablecloth,0.34313276
preschooler,0.3430661
heroin,0.34305066
kennel,0.3430084
chick,0.34299493
preservative,0.3428784
dissembler,0.34287822
congress,0.3428334
linguini,0.34264192
tyke,0.34263963
condensates,0.34260884
unicorn,0.3425882
snatcher,0.3425449
whip,0.34253445
beet,0.34252805
breasts,0.34248585
messenger,0.3424502
peanut,0.34236926
repeat,0.3422886
bill,0.3422591
wristband,0.34218568
abrasion,0.3421561
glycerol,0.34212518
cook,0.34211928
citrus,0.3420676
ovary,0.3420338
sweat,0.34202054
pastry,0.3420063
cyst,0.34196424
alcoholism,0.3419109
buyer,0.34178156
banana,0.3417447
sleeplessness,0.3416944
chef,0.3416556
meetinghouse,0.3415678
habitat,0.3415593
airplay,0.3413967
tonsil,0.34137774
sachet,0.34133136
stretch,0.34130514
jail,0.3412876
blimp,0.34126526
clouds,0.34126174
popular,0.34112525
contract,0.34107694
subsoil,0.34103572
fungi,0.34095716
trophy,0.3409369
clam,0.34093136
drapery,0.34086004
crawlers,0.34085828
audition,0.34083644
rabbit,0.3408231
tailor,0.34081763
baby,0.3407725
diamondback,0.34062713
cadaver,0.3405879
hedge,0.34058374
thumbnail,0.3405575
cement,0.34054685
organizer,0.34043398
tutu,0.3403857
candy,0.34038293
love,0.340351
trend,0.34027892
man,0.3402723
showplace,0.3402328
waterbed,0.34021908
duplex,0.3402153
spa,0.3401286
dike,0.34010053
cobalt,0.34005705
snowsuit,0.34001213
trucker,0.33997017
emcee,0.33994105
dress,0.33990282
cork,0.3397612
canine,0.33963305
limp,0.3395602
animals,0.33951664
glove,0.33948678
footplate,0.3394814
vase,0.33945286
ophthalmologist,0.33943415
underpants,0.33942643
demolition,0.3394202
buckshot,0.33928984
agriculture,0.33927217
birdseed,0.33927184
cola,0.33925095
mallet,0.33924598
goblet,0.33915824
rubber,0.33913517
hydrant,0.3390833
bracelet,0.339073
gonad,0.3387479
kettledrum,0.3386078
pickpocket,0.33852097
cheese,0.33850682
shield,0.338505
entomologist,0.33845282
hydroponics,0.33843488
sunscreen,0.33840525
sandwich,0.33834842
ledge,0.3382882
honeybee,0.33822286
spoon,0.3381916
playpen,0.33813572
gelatin,0.33807135
shin,0.33792406
licorice,0.33788818
housekeeper,0.33774823
wrapper,0.33760056
ball,0.33758885
acquaintance,0.33758208
counterterrorist,0.3375327
orthopedist,0.3374603
lifeboat,0.33745846
pamphlet,0.33743477
steeple,0.337336
tesla,0.33732575
hurt,0.33726603
bronze,0.3372628
driller,0.33721167
vial,0.33718795
dinosaur,0.33715853
shore,0.3371187
violin,0.3370675
tow,0.33700868
sherbet,0.33697715
criminal,0.33689278
enterpriser,0.3368523
bloomer,0.33683598
housedress,0.33681512
fairground,0.33679554
foreigner,0.33659452
cobbler,0.33658978
steel,0.33657345
underwriter,0.33653688
sledge,0.33645552
comedian,0.33637726
camisole,0.33637047
tomato,0.33633953
bass,0.33630466
story,0.336295
methamphetamine,0.33628666
slice,0.3362532
flood,0.33624095
grail,0.3361806
handprint,0.3361399
kerchief,0.33597338
appetizer,0.33594787
musket,0.33593756
racquetball,0.33588952
pollen,0.33588868
permit,0.33587703
washerwoman,0.33582664
drift,0.3358226
arrival,0.33581215
crossbar,0.33577478
crow,0.33576733
bacon,0.33564144
scarf,0.3356291
cushion,0.33561802
barrette,0.33559853
gram,0.33539802
matchwood,0.33537117
riches,0.3353356
miss,0.33527112
weed,0.33526206
nosing,0.33525115
smokehouse,0.33524066
ligament,0.3352328
munchkin,0.3352219
varnish,0.33518332
rulebook,0.33515072
cedar,0.33499306
volunteer,0.33485046
altar,0.3348146
biter,0.33477426
robe,0.33472604
makeup,0.3347224
stage,0.33471292
yeti,0.33464074
twister,0.33462405
tube,0.33459216
trainer,0.33455378
leash,0.33450612
climber,0.33443502
homework,0.33441997
anniversary,0.3344078
pond,0.3343554
bloomers,0.3343477
dildo,0.33428052
paycheck,0.33420172
lower,0.33418328
doormat,0.33404082
booger,0.3339699
bobtail,0.33394945
lunch,0.33388597
babies,0.3337834
girdle,0.3337409
cyanide,0.333733
lobster,0.33365363
greeter,0.3335063
monograph,0.3334761
turkey,0.33339715
pillar,0.33338
shakers,0.33335647
eel,0.3332999
joist,0.33324715
elbow,0.3332215
toast,0.33318782
crayfish,0.33314547
scoop,0.33314008
dab,0.33312994
dick,0.33311284
nipple,0.3331015
elder,0.33309457
forehead,0.33305365
count,0.33302656
sycamore,0.33302653
grave,0.33299696
confection,0.33299375
stethoscope,0.33293238
cent,0.3328882
quilter,0.3328541
crime,0.33285156
dinosaurs,0.33284426
voyeur,0.33283
boots,0.3328091
guesthouse,0.33276588
corner,0.33269966
dribbler,0.33266026
poker,0.332629
ammonia,0.33259162
jazzercise,0.3325345
bedspring,0.33243412
living,0.33234915
warhorse,0.33231708
lake,0.33213234
dune,0.3321314
warrant,0.3320824
heap,0.3320788
roadblock,0.33201024
snowflake,0.33194414
bunghole,0.3318551
cub,0.3318379
country,0.33181512
flute,0.331761
hickey,0.33166295
fleck,0.3316236
forefinger,0.33162126
foyer,0.33147803
seashell,0.3314679
cinematographer,0.33145148
carafe,0.33144656
temple,0.33139586
stain,0.3313441
demon,0.3310439
epidural,0.33095688
hamstring,0.3309501
kindergartener,0.33089274
pooch,0.33082935
execution,0.33074564
shingles,0.3306687
parliament,0.33065027
undercoating,0.33048868
tea,0.33043292
boomerang,0.33032006
kindergartner,0.33031023
creek,0.3303008
wineglass,0.33027044
gauge,0.33026353
pathologist,0.33025685
merchandiser,0.33024272
painting,0.33023202
felon,0.33017653
bait,0.33011138
chlorine,0.33010116
weather,0.3300684
hat,0.3299283
chlorophyll,0.32989573
brothel,0.32988337
butterfat,0.3298798
renter,0.32983792
fauna,0.32981402
confectioner,0.32979795
criminality,0.32977113
chapstick,0.32972264
groundhog,0.32970643
medal,0.32961327
tibia,0.3296055
cervix,0.32956308
pace,0.3295461
pus,0.32950854
poet,0.32937574
dummy,0.32924205
pigeon,0.32921723
footbath,0.3291762
batch,0.32917607
mole,0.32916197
statute,0.3291091
witch,0.329101
flower,0.32909805
match,0.3290826
valet,0.32907802
placebo,0.3290766
homebody,0.32903713
liquor,0.32899493
refuse,0.32899237
street,0.32896587
pain,0.32890594
cannon,0.32890093
wasp,0.32889372
stomach,0.32878762
sugar,0.32878524
gambler,0.328781
rockstar,0.32864457
guy,0.32863778
latex,0.32863337
pasta,0.32860604
barricade,0.3283553
prune,0.32828277
chopstick,0.3282715
floss,0.32825595
avocado,0.32819605
shirt,0.328093
beets,0.32808936
grandmom,0.32801694
salespeople,0.32800603
gainer,0.32797688
boardwalk,0.32787004
denim,0.3278208
fleabag,0.32772762
straw,0.32767317
bread,0.32760566
canister,0.32735282
scales,0.32729536
crossbones,0.32715562
cuttlefish,0.32714945
lust,0.32713285
shelter,0.3271243
signalman,0.32710582
parka,0.32709652
golfing,0.3270697
intern,0.32697982
jungle,0.3269549
puppy,0.32694718
firetrap,0.32688007
informer,0.32684246
recess,0.326791
veterinarians,0.32675508
mutt,0.32674178
pinecone,0.32672468
brazier,0.32660532
chickadee,0.32655653
excrement,0.32654315
monument,0.32648075
mermaid,0.3264587
opponent,0.3264436
youth,0.32642835
itchiness,0.32642668
america,0.32635385
binky,0.32635102
retriever,0.32627243
geologist,0.32621834
desert,0.32619077
stonemasonry,0.3261271
speedball,0.32612166
illusionist,0.32601216
cemetery,0.32598454
customer,0.32583815
porcupine,0.32575294
almanac,0.32569972
false,0.32563752
timeout,0.32547072
coordinator,0.3254562
nachos,0.325352
ladle,0.32504436
neckwear,0.32500514
urine,0.3249983
sunray,0.32499045
swatch,0.3247553
stirrup,0.32470712
oat,0.32464218
deed,0.32462096
department,0.3244934
alcoholic,0.32446527
headstone,0.3244534
japan,0.32444668
nose,0.32440668
pistol,0.32437325
epitaph,0.3243649
pudding,0.32427937
kayak,0.32424444
stroke,0.3242314
gaze,0.3241918
chloroform,0.32416934
kazoo,0.32401043
confectionery,0.32396212
knocker,0.32394212
fondue,0.32382554
septum,0.32379556
shirtfront,0.32373756
river,0.32373738
mascara,0.32365185
protein,0.32362926
contestant,0.3235224
contribution,0.32346278
anorexia,0.32344267
farmland,0.3234045
shoestring,0.32338876
televangelism,0.32335967
worker,0.32331806
impostor,0.32323444
tissue,0.32322764
curve,0.32321703
ethyl,0.32308567
philosophy,0.32308435
graffiti,0.32304853
discussion,0.32294416
watercolor,0.3229192
chameleon,0.32284954
mate,0.3228431
taxes,0.3228418
mom,0.32282877
dinghy,0.32274756
lizard,0.32274264
wedding,0.32270503
trench,0.32266605
meed,0.32266587
labor,0.32263988
carrots,0.32244903
dogs,0.32241505
reindeer,0.32236505
arches,0.322351
narrator,0.32232085
marsupial,0.32228136
infant,0.32227513
piggy,0.32222432
vodka,0.3221267
playmate,0.32212508
laundrywoman,0.32209414
sidewalk,0.32205537
hornpipe,0.3220407
stroller,0.32199603
artist,0.3219192
penthouse,0.32191545
mountaintop,0.32188937
crevasse,0.32186347
shoeshiner,0.3217577
newshound,0.32175234
copperhead,0.32166553
muslin,0.32144797
cone,0.3214422
pornographer,0.3214361
scale,0.321428
grades,0.3213938
zoo,0.32131118
chamomile,0.3212726
kumquat,0.32127023
tooth,0.3212169
panic,0.32114768
ham,0.32113546
destroyer,0.32110035
coverall,0.32104343
sedative,0.32098055
stagecoach,0.32091403
traps,0.32086742
packhorse,0.32080477
methanol,0.32078725
reed,0.32074943
fungus,0.3207162
maid,0.32068327
esophagus,0.3206696
sideswipe,0.3206511
gingersnap,0.32064033
altarpiece,0.3205929
shavings,0.32051334
proprietor,0.3204707
mojito,0.32045978
blindfold,0.32044792
doorkeeper,0.32038766
fireproofing,0.32038277
prosecuter,0.32035202
hitchhiker,0.32034022
hatchery,0.32033306
honker,0.3203325
holidays,0.3203166
fruitcake,0.32012272
rat,0.3201092
rail,0.32008815
forest,0.3200337
putt,0.3200127
champagne,0.31998917
bow,0.3199718
badger,0.3199664
hiphop,0.31995684
popcorn,0.31994691
sleep,0.31989622
sunfish,0.31988347
biography,0.31988347
sharks,0.31983483
workers,0.3197511
wound,0.31971407
wilderness,0.31964505
bun,0.31964266
oranges,0.3196208
immigrants,0.3194422
tactician,0.3194121
cider,0.31933212
bless,0.31932923
sniffer,0.31929022
lunchtime,0.31929004
diaper,0.31926692
club,0.3192227
shilling,0.31915122
park,0.3191272
suntan,0.31906217
marijuana,0.3190239
london,0.31901622
roofline,0.31884223
hang,0.3187393
duet,0.3186828
field,0.3186729
cheesecloth,0.31867212
sparrow,0.31863278
backyard,0.31858936
behemoth,0.3185516
kiss,0.31853282
truffle,0.31850812
sanctuary,0.31848517
throne,0.3184503
mule,0.3184154
bum,0.3183136
brow,0.31831336
muzzle,0.31815147
rope,0.31814635
pie,0.3180895
rake,0.31804472
wolverine,0.31796676
conflict,0.31786305
oboe,0.31783187
firefighter,0.3177474
decongestant,0.31772602
grasshopper,0.3177188
hock,0.31756425
constitution,0.31753242
seaboard,0.31752205
toad,0.31748247
dolphin,0.31744975
pant,0.3174364
chateau,0.31740174
offer,0.3173864
virgin,0.31737536
invitation,0.31733978
barometer,0.31733173
boater,0.31714654
cluster,0.31708905
blemish,0.31698132
banger,0.31696266
flavor,0.3169434
crossroads,0.31694317
owl,0.31689164
grandma,0.3168742
theater,0.31686357
beaver,0.31685913
pancreas,0.31679642
fireman,0.31674874
laborer,0.31673473
cavewoman,0.31665507
gel,0.31664056
ferryboat,0.31657177
matchmaker,0.31645364
scalper,0.31641734
molehill,0.31638062
delegate,0.31625187
hike,0.31624848
ballroom,0.31622595
farmer,0.31620187
grapefruit,0.31620157
ragamuffin,0.31613255
weights,0.31613135
horizon,0.31610972
spades,0.31610006
tomcat,0.31609923
tinsel,0.31597528
butler,0.31593826
baker,0.31593823
square,0.31589085
neckerchief,0.31588295
sleeping,0.31552747
horsehair,0.31544742
gown,0.3154359
lyre,0.31540686
horseman,0.3153686
songwriter,0.3153198
livestock,0.31528056
woodpile,0.3152787
mushroom,0.31525648
flowers,0.315243
cabbie,0.31524098
pancakes,0.31514704
bedpost,0.3150732
jawbreaker,0.31503755
churro,0.3150262
religion,0.31496
swarm,0.31492716
pizza,0.31492323
estuary,0.3148963
blabbermouth,0.3148516
couple,0.31484324
fool,0.31482726
taskmaster,0.31471595
petrol,0.31445146
birthmark,0.31444746
sailor,0.314417
onion,0.31427768
housemaster,0.31416863
housemate,0.31415015
piercer,0.31410408
boy,0.31402823
bartender,0.31384534
floodplain,0.3138358
spaniel,0.3137681
band,0.31373462
porthole,0.31373227
skydiver,0.3137251
firstborn,0.31371003
earlobe,0.31369495
sliver,0.31364855
meat,0.3135408
catch,0.3135242
slobber,0.31339303
tapeworm,0.31331423
featherbed,0.31328753
freshman,0.31323767
parakeet,0.3132227
flag,0.31320596
swinger,0.31318533
capitol,0.31301793
quarterback,0.3129474
plasterer,0.31293434
holly,0.31291988
awl,0.31283993
hardhat,0.31280887
curry,0.31277683
corps,0.3127426
cabby,0.31271827
medics,0.3126399
smokescreen,0.31253272
whorehouse,0.3125167
snowplow,0.31244093
bazaar,0.31235403
walk,0.3123389
haze,0.31232685
hacienda,0.31229618
retirement,0.31217104
pervert,0.3121419
vamp,0.3121414
snakes,0.31212145
trainload,0.31201327
mugger,0.31200147
winery,0.31199536
baton,0.31199446
canal,0.3119002
beast,0.31187308
milkshake,0.31184316
periods,0.3117891
crown,0.31178826
blackhead,0.31177205
constituent,0.31176656
giblet,0.311756
illustrator,0.3117485
riverbank,0.31173444
hit,0.3116902
conch,0.31166208
uniform,0.31163806
prisoner,0.3115881
ejaculation,0.31158507
chicory,0.31157705
valley,0.31152502
hunger,0.3114804
atmosphere,0.31130278
soup,0.31122103
assault,0.311169
bosom,0.31116623
friend,0.311027
quarters,0.31099787
orthodontist,0.3109423
battleground,0.3109271
saxophone,0.31086278
portion,0.31085622
summer,0.31084108
player,0.31083816
bandage,0.31072927
turn,0.31070048
clitoris,0.31068102
professor,0.31066155
ringtail,0.31062192
sidearm,0.31054074
cheerleader,0.31047714
saleswoman,0.3104474
spoons,0.31042704
casserole,0.31039757
banister,0.31039533
rollercoaster,0.310382
eavesdropper,0.310376
playoff,0.31031018
decoy,0.3103099
jacket,0.31026918
uncle,0.31023654
psychiatrist,0.31012094
jackrabbit,0.31011176
vinaigrette,0.3101089
serpent,0.31008658
hobo,0.31007445
fig,0.3100289
medication,0.3099891
hatchet,0.30998388
brewer,0.30989087
entertainer,0.30979887
idol,0.30979759
spitball,0.30978405
horsewoman,0.30978316
shedder,0.30974713
wagon,0.30972248
xylophonist,0.30966473
armload,0.30960307
solicitor,0.30947742
sapphire,0.30934608
grape,0.30928802
boss,0.30921456
hairball,0.30919725
labrador,0.30916408
brickwork,0.3091117
wife,0.30904475
buoy,0.30904084
faceplate,0.30903924
ecologist,0.30893773
milk,0.30890116
watchband,0.30889893
negligee,0.30881447
study,0.30871427
poo,0.3086866
lagoon,0.30861846
bonnet,0.308572
cock,0.30854377
conductor,0.3085019
balloting,0.30834055
mead,0.3083211
hawk,0.30819154
precipitation,0.30813292
teenager,0.30803603
shrimp,0.3080243
precinct,0.30794984
crew,0.30787838
canyon,0.30779448
pyramid,0.30776298
grain,0.30775198
testicle,0.3076296
millionaire,0.30759317
ghost,0.3075661
winter,0.3075633
employer,0.30751157
fence,0.30745766
mango,0.30744538
parents,0.30741125
residency,0.30739927
cheesecake,0.30732358
dogwood,0.30718002
whitefish,0.3071378
gingerroot,0.30711728
toddler,0.30710292
pitchfork,0.30706263
cabdriver,0.30695528
pantyhose,0.30686724
candle,0.3068118
tonsillectomy,0.30680192
snot,0.30677062
oil,0.30674386
raft,0.3066978
mussels,0.30669507
ladybird,0.3066733
farting,0.3065917
strait,0.30656785
flatfoot,0.306553
valium,0.30644476
law,0.30638003
immigrant,0.3063444
machete,0.3063352
bloodworm,0.30627325
conduct,0.30625463
gallon,0.30622855
gal,0.30621368
shortbread,0.3062023
mission,0.30618012
american,0.30614495
jockstrap,0.30610418
postman,0.30609912
tire,0.3060765
tentacle,0.30599743
tobacco,0.30583245
birthstone,0.30583027
pecan,0.30579287
bran,0.30557013
silk,0.30552548
oceanographer,0.30547783
dispatcher,0.3054759
helium,0.3054455
sniper,0.30537444
transgender,0.30526674
pajamas,0.30523828
shoplifter,0.30520257
consternation,0.30515867
handshake,0.30515334
rest,0.30513024
plumage,0.30512774
abdomen,0.3050973
clavicle,0.30503565
shooter,0.30496243
nudge,0.3049367
soccerball,0.30473086
squash,0.30470967
midline,0.30461165
mullet,0.3045511
group,0.30452156
archipelago,0.30450678
undershorts,0.304488
billfold,0.30446595
firewater,0.30446252
male,0.3044337
croaker,0.30436373
cannabis,0.30436063
tie,0.30433643
kidnapper,0.3042753
longneck,0.30423278
dyke,0.30411375
hook,0.3040593
reporter,0.30404437
cheeseburger,0.30402917
mailman,0.303988
tepee,0.30398768
range,0.3039677
baldhead,0.30379036
villa,0.30374572
pilferer,0.30356425
resort,0.30355966
hockey,0.30354244
spy,0.30350715
marmalade,0.30345672
madam,0.30340505
breeches,0.30337435
crossfire,0.30333328
announcer,0.30328345
scar,0.3032488
pianist,0.30323002
fishpond,0.3032154
rear,0.30316514
potter,0.30316463
battlefield,0.30314207
brassiere,0.30306357
jade,0.30301568
pedicurist,0.3030154
smile,0.30299976
tongs,0.30297393
biceps,0.3029002
tranquilizers,0.30281132
gust,0.30271298
landlord,0.30271003
line,0.3027066
member,0.30267674
wine,0.3026728
caramel,0.30259752
nurse,0.3024938
lady,0.30241862
bodybuilder,0.30238938
gremlin,0.30232078
pastor,0.30230644
knuckles,0.30228052
disclaimer,0.3022052
moat,0.3021885
rivers,0.30214524
tapioca,0.3021432
hypothermia,0.302126
juniper,0.3019742
mademoiselle,0.30195448
daredevil,0.3019295
midsection,0.30192634
christianity,0.3019209
hailstone,0.30190322
ballet,0.30183378
cactus,0.30177438
slush,0.30175424
cove,0.30165595
tailcoat,0.3016292
family,0.30148703
rowboat,0.30148143
stowaway,0.30142543
roofer,0.30132517
gavel,0.3011391
boathouse,0.30104822
jailbait,0.3010249
tetherball,0.30092865
treasury,0.3009168
irish,0.30089527
condensation,0.30085838
mud,0.30078015
overeater,0.30077827
halter,0.30070764
uproar,0.30067688
deliveryman,0.30065033
pothole,0.30062577
candleholder,0.30044973
beeswax,0.30043542
handclap,0.30034563
luncheon,0.30031103
brass,0.3003046
geyser,0.30026108
largemouth,0.3001852
goat,0.30007762
bayonet,0.2999943
camel,0.2999876
treetop,0.29986477
bro,0.2998584
bedpan,0.29980785
grandmamma,0.2998032
amaretto,0.29977804
chupacabra,0.29971117
goats,0.29970402
freinds,0.2996317
antidepressant,0.29949546
plow,0.29946154
gumdrop,0.2994592
locust,0.2994277
immunization,0.29941
taste,0.2993971
tuba,0.299168
flour,0.29914665
philanthropist,0.29909915
rider,0.29905573
scampi,0.2990504
bride,0.2990024
tummy,0.29899347
cashew,0.29899105
pincers,0.29892167
headwind,0.29887748
tipper,0.2986858
boob,0.29866278
toga,0.29866058
european,0.298553
mist,0.29855037
minutes,0.29852617
crabgrass,0.2984707
menthol,0.29840547
roaster,0.29837555
crop,0.29833502
marauder,0.29832482
caster,0.29829368
granny,0.29810277
division,0.29805762
seaweed,0.29801035
housemaid,0.29794765
prostitute,0.29791486
hunter,0.29785258
rapper,0.29778513
daughter,0.29777566
neck,0.29772252
marinade,0.2974448
rate,0.29743347
hero,0.2974291
phantom,0.29742634
shrub,0.2974033
mushrooms,0.2973496
burn,0.29733932
gingerbread,0.29733357
fair,0.29731482
petition,0.2972424
boatyard,0.29705313
nightcaps,0.29704702
staffer,0.2968228
client,0.2967984
pouch,0.29678088
thunder,0.2965923
sandlot,0.29656202
cantaloupe,0.29648262
riverbed,0.29644895
corn,0.29639122
life,0.29631037
flannel,0.29629344
lawsuit,0.2962145
looser,0.29612774
herringbone,0.29600087
sportscaster,0.29599866
mentor,0.29594612
kelp,0.2958378
newswoman,0.29582232
poser,0.29576695
jig,0.29574704
performer,0.29573578
biker,0.29569587
fern,0.29566658
dead,0.29560018
pavilion,0.29542089
ballplayer,0.29539868
poison,0.29534546
freelancer,0.29533574
underbrush,0.2952599
heron,0.2951983
sailcloth,0.29498634
godchild,0.29497975
horseshoe,0.29496083
fondness,0.29493192
sheep,0.2948888
snorer,0.2948761
hound,0.2948578
labeler,0.2947985
bordello,0.29473004
tusk,0.2946548
breather,0.2945511
citizen,0.29445925
contraception,0.2943368
cotton,0.29432708
aerialist,0.29429945
skewer,0.29426914
penguin,0.29421693
speechmaker,0.29407132
karam,0.29401302
azalea,0.29396695
guild,0.29390195
consultant,0.29389232
chanter,0.29387224
gauze,0.2937876
shakira,0.29374865
poll,0.29374132
curtain,0.29368138
empathy,0.29364887
spaghetti,0.29364508
petal,0.29359728
seismologist,0.29355636
hymn,0.2935425
diarrhea,0.29350603
pail,0.2935022
proctologist,0.2933272
principal,0.29315984
roughhouse,0.29314765
flathead,0.29308802
lifter,0.2930768
beer,0.29305017
response,0.2930329
gibbon,0.29303253
resolution,0.29294837
slut,0.29286498
pancake,0.29278862
showboat,0.29275125
contributor,0.29269987
percussionist,0.29269722
ivy,0.29265782
wienie,0.2925873
granddaughter,0.2925714
midterm,0.29254287
temptress,0.2924072
fodder,0.29222912
gauntlet,0.29222465
swaddling,0.29216108
chambermaid,0.29214028
mars,0.2921204
jailbird,0.29200855
herbs,0.29197025
maidservant,0.2918507
smock,0.29180786
painter,0.29174832
rookie,0.2917249
golfer,0.29165554
homesteader,0.29164863
snowdrift,0.29150593
monkfish,0.29146016
whisper,0.29142568
blackmailer,0.29140413
cake,0.29138017
jokester,0.29132107
gorge,0.2912956
railing,0.2912895
pontoon,0.2912378
fiancee,0.2911789
spire,0.29116824
tower,0.29116112
stirfry,0.29107577
outpatient,0.29095045
whore,0.29083765
sadness,0.2908361
accident,0.29080364
thundercloud,0.2907921
plaster,0.29077512
trout,0.29053745
raccoon,0.29047045
detainee,0.29045346
boozer,0.2904101
embarrasment,0.29037684
cherry,0.29032168
suckerfish,0.29018897
patio,0.29016697
bricklayer,0.290063
agency,0.28982985
ending,0.28981107
ugliness,0.28975785
sundeck,0.28971988
gourd,0.28965074
arborist,0.28952318
sword,0.28951642
hope,0.28951383
famous,0.2894929
embassy,0.2894714
maiden,0.2893946
waitress,0.28937072
mexico,0.28928062
peacock,0.2891829
mouthguard,0.2890981
tylenol,0.28908238
toucan,0.2890532
calligrapher,0.28905267
spillage,0.28896847
bugler,0.28891587
kindness,0.2888999
lifeblood,0.28880733
society,0.2888054
nymphomaniac,0.2886248
newlywed,0.2885546
fornicator,0.28853917
tailbone,0.28849015
singer,0.28844047
president,0.28842005
mistress,0.28831494
adviser,0.28829643
gravy,0.28824788
drape,0.28821576
evangelist,0.28821445
buddy,0.28815603
target,0.28813034
droppings,0.28810522
paddleball,0.2880526
viper,0.28804138
cow,0.28802216
sunflower,0.2879957
geographer,0.28785917
pendant,0.2878479
fairy,0.28778595
hospitality,0.28777832
lawyer,0.2877669
fillet,0.28765476
quinoa,0.2876071
gashes,0.2875929
distillery,0.28758106
snake,0.28757194
katana,0.28753844
border,0.28751284
paperboy,0.28745317
poorhouse,0.28735363
caretaker,0.28728542
african,0.28726894
lineman,0.28722677
moleskin,0.2871843
period,0.28707024
leviathan,0.28705087
snowstorm,0.2870489
octopus,0.28694034
ration,0.28685006
pillbox,0.28681946
brickyard,0.28678197
peppers,0.2866388
weight,0.2866102
malaria,0.2865647
scent,0.2864551
fat,0.28639954
gasp,0.28635135
watermelon,0.28634977
skyline,0.28631145
sister,0.2862324
hunks,0.2861647
halfwit,0.28615695
arugula,0.28607476
sling,0.28596598
aunt,0.28586078
asylum,0.28579068
sharpshooter,0.2857599
geezer,0.28572792
honey,0.2857026
duel,0.2856518
pumpkin,0.2856499
fellow,0.28560948
exhibitionist,0.28560898
buzzard,0.28552443
grandson,0.28550667
chardonnay,0.28536955
hood,0.28523678
birth,0.2852364
druggist,0.28521183
daisy,0.285209
moon,0.2851654
gash,0.28498155
chiffon,0.28487432
hunters,0.28483722
anchovy,0.2848044
puff,0.284778
housewife,0.28470993
rain,0.2846942
tassel,0.2846151
pony,0.28453988
blackfish,0.28451592
shipyard,0.28440312
rum,0.28425866
yeast,0.28422806
veteran,0.2842194
bush,0.2842012
puritan,0.2841937
cameo,0.2841652
backpacker,0.2840278
mane,0.28397647
salt,0.2838961
armadillo,0.28380442
poplar,0.28378868
bleachers,0.28371483
torchbearer,0.28365427
lemon,0.28359017
adjuster,0.28354308
fluoride,0.28330576
blowfish,0.28330278
therapist,0.28327912
persuader,0.2831649
stockade,0.2831542
corpse,0.28313458
ape,0.2827847
seacoast,0.28278425
barman,0.2826796
tortellini,0.28267598
falconer,0.28267258
daggers,0.2825816
anteater,0.28241765
barrel,0.2824014
gardener,0.28220505
pants,0.2819538
nun,0.28189635
leprechaun,0.28180698
subspecies,0.28180426
ferret,0.2818007
maypole,0.28173274
neckline,0.28171492
orator,0.2816793
trespasser,0.2815557
parrot,0.28153068
immunologist,0.28131008
waterspout,0.28129193
reps,0.2812392
hyperventilation,0.2812245
gardner,0.2810903
agriculturist,0.28087062
dame,0.28080994
villain,0.28071475
archbishop,0.280623
pillow,0.28058
honeydew,0.2805767
investor,0.28055626
flask,0.28055578
bunkmate,0.28043848
spear,0.28039724
triage,0.28033763
ebola,0.28024283
sauce,0.28019163
lie,0.28017837
groper,0.2801646
tollhouse,0.28014484
angel,0.28005853
trousers,0.27997345
spearmint,0.27994207
gull,0.2799331
teriyaki,0.27982527
hatband,0.27974173
archdeacon,0.27968726
striptease,0.27960914
zombie,0.27959454
rainstorm,0.27954477
leeches,0.27953237
thorns,0.2794939
parlor,0.2794869
lifer,0.27946928
indian,0.27940303
tendonitis,0.27940175
sonnet,0.27901584
paying,0.27892202
inflection,0.27885354
hotdog,0.27877384
homelessness,0.27874953
giblets,0.27871406
guacamole,0.27864224
senator,0.27864164
pier,0.27863097
mama,0.27860874
proprietress,0.278547
derby,0.27853662
pileup,0.27849352
nightspot,0.27846143
paintball,0.27839664
chairwoman,0.2782781
play,0.27825052
advisor,0.27819467
dipper,0.27806595
ox,0.27803093
supervisor,0.277914
lollipop,0.27790272
mother,0.27778006
hemp,0.27769077
mildew,0.27765155
parfait,0.27756673
battleaxe,0.27755675
potpourri,0.27755192
town,0.2775448
kiwi,0.27753222
barnyard,0.2775039
cornstalk,0.2774872
slaveholder,0.27731466
flamingo,0.2772492
embankment,0.2769428
gazebo,0.2769118
debater,0.27684376
cauliflower,0.2767727
friendship,0.27663726
suspenders,0.2765386
wholesaler,0.27646232
prizefighter,0.27640212
isle,0.2763272
handler,0.27629092
lodger,0.27619815
fight,0.27616042
trombone,0.2761088
wheat,0.2760604
vagabond,0.27601066
shark,0.27596647
overbite,0.27590162
aroma,0.27589747
recipient,0.27589738
presidency,0.27584141
headmistress,0.27575153
batboy,0.2757079
moonbeam,0.27568382
gofer,0.275505
abortion,0.27550456
spook,0.27548742
cellmate,0.27540505
lawyers,0.275364
rainforest,0.27535504
figurehead,0.27531576
taco,0.27527243
sandalwood,0.27519608
thesis,0.27513897
raincoat,0.2750884
trial,0.27507973
hamburger,0.27503526
nape,0.27500036
deacon,0.27491698
kayaker,0.27472425
gladiator,0.2747175
brownie,0.27463737
saltine,0.27462286
picket,0.27456346
balm,0.2745105
roadside,0.27435032
weatherman,0.27431452
collarbone,0.27430302
depression,0.27428392
manager,0.27411807
cast,0.27403408
bedfellow,0.27388114
ranch,0.27386218
hitter,0.27378926
harpoon,0.273787
waiter,0.27376282
pigpen,0.27373236
muskrat,0.27372146
suburb,0.27363336
oilman,0.27363035
narc,0.27362505
layperson,0.27360576
evildoer,0.27344316
stinger,0.27329993
donkey,0.27327535
kilometer,0.27322477
barracuda,0.27306643
cornfield,0.27288538
agreement,0.27287018
nursemaid,0.27285457
turnip,0.27267423
drinker,0.27261454
volleyball,0.2725929
missionary,0.2724602
vegan,0.27234563
stockings,0.27224216
lakefront,0.27207336
philosopher,0.2719996
venom,0.27195573
fang,0.27188048
celebrity,0.27185357
coast,0.2718447
vagrant,0.2718284
sweetheart,0.27179074
pastrami,0.27166688
sunburn,0.27161878
sodomy,0.27154177
giver,0.2714939
massage,0.27141735
billionaire,0.27129942
shrubbery,0.27124155
tarmac,0.27117676
seagull,0.2711274
pentagon,0.27097547
platypus,0.27093634
salamander,0.27090627
cumin,0.27084693
sob,0.27077374
undertaker,0.27064684
campsite,0.2706149
kale,0.2705802
watercolorist,0.27053633
anthropologist,0.2703682
showman,0.27034622
wildcard,0.27028185
hummus,0.27027562
voter,0.2702483
choreographer,0.2702384
anthrax,0.2701759
kimono,0.27013278
avacado,0.26994804
persistance,0.26989982
suburbanite,0.26979977
plaza,0.26976115
fishhooks,0.26962733
swindler,0.26934382
sharkskin,0.26933825
transvestite,0.26925257
fatness,0.26925048
billiard,0.26914477
bowtie,0.26913303
despot,0.26912165
captain,0.2691083
garlic,0.268884
cartoonist,0.268871
rattlesnake,0.26886
grandmother,0.26880962
kabob,0.26876017
underbelly,0.2687083
campers,0.26861244
parsnip,0.26855883
sportswoman,0.26835403
dwarf,0.26826388
frankincense,0.26825047
fox,0.26823664
deceased,0.26821303
snakeskin,0.268211
scapula,0.26820713
horseradish,0.26814854
cranberry,0.26809075
sorrow,0.2680077
spokesperson,0.26800585
rubdown,0.26795438
actor,0.26795393
campground,0.26790032
shifter,0.26779142
roses,0.26777002
commentator,0.2675587
heartthrob,0.2675532
soloist,0.2675146
mediator,0.2674563
northerner,0.26739436
grass,0.26736805
tofu,0.2673338
bristle,0.26732787
nightgown,0.26729083
blossom,0.26704323
carnival,0.26669678
chairman,0.26669163
hazard,0.2666796
vocalist,0.2665732
hayloft,0.26655024
mandrake,0.2665333
astringent,0.26650444
camelback,0.26628646
lamb,0.26614398
yawner,0.26597935
margarita,0.26595622
milkmaid,0.26588604
hurdler,0.26588053
epidemiologist,0.26584113
violence,0.26576796
passerby,0.26574484
sulfur,0.26565
corral,0.26555818
circus,0.26531848
kin,0.26531598
apology,0.26512712
hermit,0.26485845
shoulder,0.2648377
blueberry,0.2647871
falls,0.26478505
confetti,0.2647212
ballad,0.26466674
womanizer,0.2645235
jailer,0.2642647
rouge,0.26411927
repellant,0.26401508
anger,0.2638345
gallbladder,0.26379204
nudist,0.26379046
selectee,0.2637745
tarp,0.26351592
pigs,0.2634581
sweetie,0.26344675
pig,0.26332206
watercress,0.26318666
laugh,0.26304823
cornhusk,0.26295447
clown,0.26285192
marigold,0.26263845
sonata,0.26232132
medalist,0.26230538
culprit,0.2622966
rook,0.2621316
blister,0.26187783
tanning,0.26180407
barbecue,0.26179498
rosary,0.26176634
leader,0.26165068
soldier,0.26157802
truth,0.26155633
tannery,0.26135212
calves,0.26128143
custard,0.26106912
correspondent,0.26097858
gills,0.26074606
tux,0.26061815
minister,0.26053938
receiver,0.26053753
herring,0.2604214
daffodil,0.2604103
parade,0.26030576
guillotine,0.26021835
busboy,0.26021817
hormone,0.2599669
rattler,0.25987032
choir,0.2597795
graveside,0.2596851
accomplice,0.25958458
sleigh,0.25952202
silence,0.2593251
wiener,0.2592017
bouncer,0.25916
slacks,0.2591012
buckskin,0.2589592
skunk,0.25882924
canola,0.25878224
joy,0.25861722
campfire,0.25850886
ravine,0.25850737
respondent,0.25835276
banquet,0.25821134
karate,0.25812626
appointee,0.25810748
gorilla,0.25802702
negro,0.25796917
monsignor,0.25772482
waitperson,0.25737488
milkman,0.25722194
dignity,0.25714236
queen,0.25673476
pug,0.25664163
pagan,0.25649095
sauerkraut,0.25639418
brother,0.25608414
heretic,0.25605378
cop,0.25575328
freemason,0.2556786
sleepwalker,0.25566816
rose,0.25559998
flake,0.2555784
celebration,0.25547937
sportsman,0.2553767
piglet,0.2551734
harbor,0.25478095
booker,0.25466585
steak,0.25463247
halfpenny,0.25419223
paleontologist,0.25418866
blood,0.2538442
ragtime,0.2538429
handmaiden,0.25346923
meatloaf,0.25342286
duckweed,0.25323948
pitcher,0.25323895
strudel,0.25311822
prankster,0.25306645
terracotta,0.253025
midnight,0.25295913
environmentalist,0.25273728
paris,0.25269672
elk,0.25259274
sculptress,0.25225624
toxicologist,0.25196242
offender,0.25189126
dachshund,0.25176582
perfume,0.2516715
archenemy,0.2516266
raise,0.25156596
slouch,0.25147966
rifleman,0.25136396
backstabber,0.2511869
brian,0.25105608
sleet,0.2510028
ganja,0.25096846
knoll,0.25085133
poodle,0.25067627
ribcage,0.25047117
placenta,0.25040388
guardian,0.2502929
rite,0.25027388
pretzel,0.25023794
rice,0.25019753
brisket,0.25012243
zookeeper,0.25000325
fangs,0.24995178
dinner,0.24994107
colonist,0.24990623
apostle,0.2498759
caste,0.24975458
groom,0.24967845
hookers,0.2496365
hunk,0.24961631
catcher,0.24950814
shawl,0.24934667
stuntman,0.2493242
carnivore,0.24932243
flank,0.24927014
stockyard,0.24914204
thrower,0.2490954
poverty,0.24908432
horticulturalist,0.24907565
commando,0.24907516
pineapple,0.24884096
moccasin,0.24868353
elephant,0.24855062
russian,0.24851267
caribou,0.24839097
ballerina,0.24835326
gent,0.24817662
pigskin,0.24816948
hate,0.24815378
oarsman,0.24804996
wrestler,0.24796101
basher,0.24794821
sausage,0.24793138
camp,0.24786994
belly,0.24784723
blow,0.24777856
socialite,0.24768496
stamen,0.24767253
breadwinner,0.24756834
groundsman,0.24756487
angler,0.2475318
abolitionist,0.24740937
peninsula,0.24727152
scruff,0.24717878
poetess,0.24714519
harem,0.2470564
preacher,0.24704504
autobiographer,0.24701923
rabbi,0.24700955
scumbag,0.24698201
barley,0.2469515
rye,0.2469345
psychotherapist,0.24651055
jazzman,0.24616872
hooch,0.24615394
haystack,0.2459547
haggler,0.24584533
sushi,0.2456884
beneficiary,0.24566719
hombre,0.2454502
sulfite,0.24525996
plaintiff,0.24511325
marksman,0.24508922
judge,0.2450423
dockworker,0.2449415
sunset,0.2449167
thug,0.24473879
council,0.24467602
gumbo,0.24462926
wallflower,0.24460122
picnicker,0.24430983
jackass,0.24423653
horsehide,0.24401835
lad,0.24397966
maraschino,0.24382877
nativity,0.24373108
tripe,0.24370636
arrestee,0.24331734
loudmouth,0.2431771
squaw,0.24310537
waterfall,0.2430801
baptism,0.24295306
victim,0.24287888
mustard,0.24279709
mammoth,0.24274006
tuxedo,0.24267751
deadfall,0.24266613
wingman,0.24255982
flagman,0.24255128
gator,0.24251744
innocent,0.24247001
tundra,0.24246813
angelfish,0.24242917
calamari,0.24240015
mogul,0.24238268
townhouse,0.24229655
beard,0.2422551
bay,0.24216989
teepee,0.2421157
infantryman,0.24209735
trough,0.24204531
neighbor,0.2420358
rower,0.24200487
ringmaster,0.24189973
grandnephew,0.24185406
stuffing,0.24184299
paparazzi,0.24176821
snowball,0.24171296
wagonload,0.24164622
coroner,0.24161282
backcountry,0.24157408
grandfather,0.24154553
bellhop,0.2415294
sagebrush,0.24134849
shank,0.24122015
thyme,0.24105014
cousin,0.24104561
compensation,0.24088761
fielder,0.24081963
foxhound,0.24073935
swine,0.24070394
burrito,0.24045491
jellyroll,0.24031243
bell,0.24010646
hanky,0.24002439
vanilla,0.23997423
oxbow,0.23995976
governor,0.2398074
peace,0.23955074
herbalist,0.23954341
stewardess,0.23951262
stake,0.2394931
catholic,0.23944369
hayseed,0.23924303
psycho,0.23913151
guardrail,0.23905465
liar,0.23899731
puss,0.23867589
reaper,0.23865321
strawberry,0.23805535
bandmaster,0.23804261
warmonger,0.23787269
haunch,0.23782311
winner,0.23780765
asparagus,0.23767334
syphilis,0.23740566
pill,0.2373409
goalkeeper,0.23712012
south,0.23707852
hippopotamus,0.23706189
reward,0.23700318
policeman,0.23689076
cheetah,0.23669595
mistletoe,0.2366638
commandments,0.23666275
warrior,0.23665878
risk,0.23664436
gunfighter,0.23661397
mayflower,0.23646033
cologne,0.23644516
tiara,0.23614281
coleslaw,0.23596366
screamer,0.23576713
embarassed,0.23573476
artilleryman,0.23564896
risotto,0.2356277
counselor,0.23558328
duelist,0.23550916
goulash,0.2354581
whiskey,0.23532504
yellowjacket,0.2351199
outdoorsman,0.23510726
winterberry,0.23502988
fist,0.23495963
masses,0.23493639
devourer,0.23491064
mob,0.2348806
quartet,0.23485327
manatee,0.23446274
ambassador,0.23430337
westerner,0.23414701
sinner,0.2339678
guest,0.23372328
psychopath,0.23367837
paprika,0.23365608
participant,0.23346674
responder,0.2334621
pompom,0.2333854
claim,0.23321241
sesame,0.23305054
trekker,0.23304763
stepsister,0.2328816
accuser,0.23281737
moose,0.23275197
festival,0.23269601
pheasant,0.23254046
aristocrat,0.2325041
pasties,0.23227927
conservationist,0.23222686
mayor,0.23212835
violator,0.23176062
rioting,0.23163912
crying,0.23135759
shanty,0.23123969
jester,0.23103774
sheepskin,0.23060258
pilaf,0.23039867
taffy,0.23032348
son,0.23027919
pepperoni,0.22943215
vegetarian,0.22931856
headsman,0.22926486
bitch,0.22925879
spareribs,0.22899088
observer,0.22872679
saxophonist,0.22788908
powder,0.22782233
landlady,0.22768489
cigar,0.2276326
psychologist,0.22759482
lionfish,0.22752652
throat,0.22747618
monarch,0.22742051
boysenberry,0.22721027
soprano,0.22696519
debutante,0.22643566
sixpence,0.22642866
hay,0.22607757
backstreet,0.2259411
sturgeon,0.2259341
mange,0.22533572
loners,0.22520837
peer,0.22507992
joker,0.22466892
quartermaster,0.22442529
rib,0.22423255
warden,0.22415878
dowry,0.224092
cannibal,0.22384793
fawn,0.22378333
narwhal,0.22365579
madonna,0.22339904
officer,0.2233642
lager,0.22276592
gentlefolk,0.2226381
sidewall,0.22251828
astrologer,0.22220373
bushman,0.222119
clan,0.22190009
carcass,0.22171125
godfather,0.22141154
virtue,0.22137001
bandit,0.22134468
traitor,0.22104698
goatskin,0.22100247
crowd,0.22090691
tenderloin,0.22087413
murder,0.22082396
gangster,0.2206025
neighborhood,0.22055131
bishop,0.22053528
congregation,0.22041756
postponement,0.22001962
gentleman,0.21974123
widower,0.21972197
cowpoke,0.21963923
noose,0.21954142
peasant,0.21898875
governess,0.21890041
chaperone,0.21856686
harpooner,0.21819411
halloween,0.21816722
royalty,0.21741304
townhall,0.21707393
pageboy,0.21706703
patience,0.21696621
marshmallow,0.21648923
stalker,0.21640444
caricaturist,0.21599695
titanic,0.2159481
general,0.21552478
yellows,0.2151552
fisherwoman,0.21432458
courage,0.21395192
paratrooper,0.21347827
whale,0.21327898
encampment,0.21305671
rosebush,0.21290523
dad,0.21261425
violinist,0.2123953
protester,0.21222208
lion,0.21206856
tarantulas,0.2119207
sarong,0.21182096
dramatist,0.21166694
panda,0.21163642
hill,0.2114998
folksong,0.21116127
priest,0.21110398
prince,0.21080102
brontosaurus,0.21072108
patrolman,0.21068382
ranger,0.21061322
tomahawk,0.21050884
sangria,0.2102597
bison,0.20974231
quintet,0.20958143
pantaloons,0.20935895
honeysuckle,0.20915443
panther,0.20907937
mongrel,0.20876527
hippo,0.20871451
rancher,0.20823404
bears,0.20820805
gigolo,0.2079398
referee,0.20784873
diva,0.20700413
councilor,0.20683193
verdict,0.2067828
guppy,0.20634969
brat,0.20622057
hyacinth,0.2061251
pride,0.20611432
wimps,0.20610352
groomsman,0.20540267
clientele,0.20528707
madwoman,0.20407818
harbormaster,0.20357981
crybaby,0.20348197
reviewer,0.20337953
porkchops,0.20312433
policewoman,0.20260918
minstrel,0.2018576
beef,0.20177598
bayberry,0.20156911
madman,0.2015177
sealskin,0.20094131
statesman,0.20074548
enforcer,0.20054176
bluff,0.2004224
parishioner,0.20041108
ringside,0.20005226
bear,0.19999412
balsawood,0.19911447
guardsman,0.19905698
savannah,0.19822675
tribe,0.19765246
fatality,0.19695385
sheik,0.19694616
cougar,0.19648156
jury,0.19595149
porkpie,0.1958124
bullring,0.19560409
whalebone,0.19555959
righteousness,0.19544879
papaya,0.19532353
sentinel,0.19511327
commissioner,0.19497886
bratwurst,0.19478896
eyewitness,0.1938467
bulldog,0.19306526
respect,0.19303691
platoon,0.19231752
balloonist,0.19213781
pimp,0.19117859
sextuplet,0.19109136
tigers,0.19066986
bellman,0.19024472
cattleman,0.18992892
kinsman,0.18942758
obligation,0.18929361
councilwoman,0.18823868
scouts,0.18796957
wolves,0.18741508
rhino,0.18671677
countryman,0.18604018
bully,0.18515739
sheepherder,0.18426913
sundown,0.18376328
pallbearer,0.1824663
confidant,0.18217778
bale,0.17949526
cowgirl,0.17870064
leopard,0.17864512
marcher,0.17797567
wolf,0.17774981
pharaoh,0.1772351
bellboy,0.17722206
alligator,0.17659321
coastguard,0.17558268
protestor,0.17427799
marshmallows,0.17285386
shantytown,0.17269136
peacekeeper,0.16986147
sheriff,0.16961794
jaguar,0.16890132
sassafras,0.16834639
banshee,0.1650605
watcher,0.16492441
hyena,0.16413084
shepherdess,0.16399492
juror,0.16268864
coyote,0.16255781
turncoat,0.1620287
townsfolk,0.1583801
giraffe,0.15823968
lieutenant,0.1569421
pariah,0.15688819
councilman,0.15546517
bull,0.15541936
bloodshed,0.15522772
responsibility,0.15494367
steward,0.15481514
slaughterer,0.15464024
baron,0.15419763
boar,0.15398973
sentry,0.15278177
sympathizer,0.15233678
papa,0.15199532
bayou,0.15186031
punisher,0.14861156
tribeswoman,0.14270908
lioness,0.14112341
baroness,0.13153443
marshal,0.13139981
sultan,0.12919368
sulking,0.12750292
tsar,0.12623286
bullfighter,0.12614283
puma,0.108707435
